UID,Feature_1,Feature_2,Feature_3,Feature_4,Feature_5,Feature_6,Feature_7,Feature_8,Feature_9,Feature_10,Feature_11,Feature_12,Feature_13,Feature_14,Feature_15,Feature_16,Target
1,S,45,11,39,1,C124,45,30,113043,45.5,0,56OGNNnQ,0,332,28.5,2,0
2,S,74,35,36,2,,14,99,28425,23,0,lpe6DkCG,0,734,13,1,0
3,S,62,38,100,3,,65,47,STON/O 2. 3101293,32,0,H7MHSxHc,0,383,7.925,2,0
4,S,59,94,-3,3,,17,26,350025,26,0,AFt8biyX,1,705,7.8542,1,0
5,S,26,72,33,3,,45,17,347082,6,2,9O4X1MIW,4,814,31.275,2,0
6,C,49,20,68,1,B58 B60,25,53,PC 17558,24,1,z6AlEZ6Q,0,119,247.5208,1,0
7,S,40,66,40,1,B38,9,31,113050,45,0,uo9mBm8D,0,537,26.55,2,0
8,C,-4,71,67,2,,26,51,SC/PARIS 2167,29,0,5bl8VI0t,1,362,27.7208,2,0
9,S,105,-13,44,3,,50,31,349216,,0,rJ2SJ6y9,0,30,7.8958,1,0
10,S,39,10,44,1,C52,31,28,19947,,0,0Yd6aprm,0,56,35.5,2,1
11,S,49,7,61,2,,-7,15,236852,42,0,z2i4MkXU,0,866,13,2,1
12,S,70,75,35,3,,52,93,345773,36,1,wD7FcIwE,1,596,24.15,1,0
13,S,21,27,88,2,,50,2,SCO/W 1585,33,0,VEFyZtaz,0,240,12.275,1,0
14,S,39,80,54,3,,58,50,350048,17,0,aJClIFKA,1,722,7.0542,1,0
15,S,31,26,16,3,,67,48,345779,29,0,RMH42h3r,0,82,9.5,1,1
16,S,21,25,30,2,,48,94,230433,50,1,tmDmC9ot,0,260,26,1,1
17,S,-15,3,67,1,C93,39,29,19943,35,0,793oa6Qg,1,487,90,2,1
18,C,81,14,57,1,C45,49,-4,PC 17757,38,0,x8ONRm2e,0,717,227.525,2,1
19,S,44,33,16,2,,44,48,250647,34,0,djdb2Jv2,0,801,13,2,0
20,S,43,30,50,1,B20,18,47,17474,17,0,2I6yJOBX,1,782,57,1,1
21,S,60,87,13,3,,14,69,347082,11,2,GuRUqUuA,4,543,31.275,1,0
22,S,28,87,10,3,,82,-20,345364,61,0,TQFqUSVE,0,327,6.2375,1,0
23,S,58,51,44,3,,87,1,315084,30,0,gx0QYHkM,0,535,8.6625,1,0
24,S,67,31,133,2,,40,56,F.C.C. 13529,7,2,MHqbJdnH,0,536,26.25,1,1
25,S,65,1,91,3,,56,24,4134,63,0,jqKBpVCZ,0,484,9.5875,1,1
26,C,41,26,-12,3,,78,69,2663,20,0,SoInlFWI,0,763,7.2292,2,1
27,C,63,42,71,3,,49,39,2668,,2,Y0QHriSS,0,534,22.3583,2,1
28,S,59,75,66,3,,26,44,7545,29,0,y5c1Vw7o,0,714,9.4833,1,0
29,S,38,56,25,1,B96 B98,55,73,113760,36,2,ahQuif1e,1,391,120,1,1
30,C,48,45,53,3,,34,55,2627,,0,HQ0EWOMn,0,496,14.4583,2,0
31,S,41,52,73,3,,74,30,A/5 3594,50,0,oyR1keJj,0,483,8.05,1,0
32,C,22,49,24,1,C82,48,72,113503,27,2,0xTRt0XA,0,378,211.5,2,0
33,S,32,27,52,3,,85,60,C 7076,30,0,ag90dUCA,0,366,7.25,2,0
34,Q,-17,52,45,1,C78,73,75,19928,33,0,TJlpeGs9,1,413,90,1,1
35,Q,56,74,55,3,,58,64,36209,,0,msMDq0dr,0,469,7.725,1,0
36,S,38,47,91,3,,55,41,4133,,1,wXv3xa7z,3,410,25.4667,2,0
37,S,59,89,78,3,,43,66,349909,2,1,36BKOLS4,3,8,21.075,1,0
38,S,30,64,30,2,,48,50,237789,25,1,IKTD0Ipo,1,581,30,2,1
39,C,64,70,53,1,,60,56,PC 17597,51,1,vXRm63KE,0,156,61.3792,1,0
40,S,61,54,58,2,,72,58,230433,25,1,4cgUWfiD,0,881,26,2,1
41,S,38,100,40,3,,77,65,A/4. 34244,,0,kW6kNnjX,0,426,7.25,1,0
42,S,34,68,-6,3,,61,56,349215,,0,WwFxaUXb,0,102,7.8958,1,0
43,S,59,123,42,2,,36,54,248747,24,0,6pPPfl3l,0,200,13,1,0
44,S,36,28,36,3,,78,65,370129,18,1,6Y0GDA3q,1,425,20.2125,1,0
45,S,22,38,20,1,C106,91,12,19988,,0,NZZUvN9C,0,299,30.5,2,1
46,S,64,9,109,3,,77,71,SOTON/OQ 392076,25,0,WZG96mcq,0,885,7.05,2,0
47,S,40,65,63,2,,42,41,250649,24,2,VyynnzOE,0,248,14.5,1,1
48,S,87,55,69,3,,79,67,350060,22,0,RgLHir1o,0,479,7.5208,2,0
49,S,63,27,33,1,C22 C26,15,3,113781,0.92,2,mIV7bRcV,1,306,151.55,1,1
50,S,26,38,42,2,,69,24,244367,24,0,idKr4Vcu,1,317,26,2,1
51,S,25,56,37,3,,68,85,STON/O2. 3101282,26,0,TxHOAdFA,0,3,7.925,1,1
52,S,53,64,65,2,,75,13,28664,34,0,gUAoWNWe,1,406,21,1,0
53,C,38,35,99,1,B57 B59 B63 B66,37,40,PC 17608,21,2,R8HoMVrZ,2,743,262.375,2,1
54,Q,78,49,59,3,,31,80,384461,,0,jD6G6cQS,0,261,7.75,1,0
55,C,67,41,39,3,,55,53,2626,,0,LLH2u9uE,0,368,7.2292,1,1
56,S,100,19,56,3,,15,26,315037,,0,uwSH1uv4,0,159,8.6625,1,0
57,S,90,68,84,3,,17,96,347085,22,0,wIGOhZmA,0,555,7.775,1,1
58,,36,-10,52,1,B28,60,30,113572,62,0,S2oeGPDn,0,830,80,2,1
59,S,49,39,32,3,,71,100,4138,18,0,Y8UdX1Aa,0,678,9.8417,2,1
60,C,93,3,55,1,,76,65,PC 17757,42,0,B0kWoD4Y,0,381,227.525,2,1
61,Q,65,28,73,2,,13,72,219533,57,0,hSzoNQka,0,627,12.35,1,0
62,S,102,60,71,3,,35,85,LINE,19,0,TqoPvk0o,0,303,0,2,0
63,S,56,56,27,2,,11,58,SC/AH 3085,42,0,B2w0aZVY,1,433,26,2,1
64,C,62,66,12,3,,21,76,2624,,0,GSpUEdqP,0,523,7.225,1,0
65,S,74,66,32,3,,42,67,315096,20,0,p7sRLr2w,0,405,8.6625,1,0
66,C,37,62,92,3,,56,31,2683,34.5,0,RfBa74JR,0,844,6.4375,1,0
67,S,51,14,68,3,,13,40,345783,28,0,FsUiH8rD,0,356,9.5,2,0
68,S,61,23,41,3,,48,71,A/S 2816,,0,G4k2PGCM,0,465,8.05,2,0
69,S,53,24,67,3,,67,74,349204,23,0,ohPtp9lc,0,754,7.8958,2,0
70,S,8,23,43,3,,74,22,A/5 21174,22,0,f8Xw8pOq,0,213,7.25,1,0
71,S,83,61,78,1,C104,75,2,113786,52,0,knq8h8RZ,0,450,30.5,1,1
72,S,96,20,69,3,,44,-5,364516,30,0,wufe7Ie4,0,80,12.475,2,1
73,S,65,56,17,2,F2,16,45,230080,36.5,2,efV9IVh2,0,149,26,2,0
74,Q,62,55,60,3,,64,29,364851,,0,CJ1Wz7QB,0,429,7.75,2,0
75,C,10,26,65,3,,30,79,2669,22,0,CAKwupDR,0,61,7.2292,1,0
76,S,53,64,76,1,,82,55,PC 17611,50,0,b6M1yx4D,2,661,133.65,2,1
77,S,79,69,-2,3,,50,37,347089,27,0,bVEXxin6,0,805,6.975,2,1
78,S,17,28,59,3,,15,29,14973,22,0,Bo6im1Br,0,589,8.05,1,0
79,S,50,55,53,1,D11,90,31,13502,51,0,39mz9SEw,1,766,77.9583,1,1
80,S,63,60,67,2,,75,76,C.A. 17248,36,0,601eVqSj,0,266,10.5,1,0
81,S,82,81,51,2,,57,46,228414,29,0,KrFz8deY,1,134,26,2,1
82,S,7,44,63,1,,71,24,113781,22,0,OtfviaBP,0,709,151.55,2,1
83,C,65,29,22,1,C86,46,26,PC 17761,50,0,MT1sp7Rq,1,545,106.425,1,0
84,S,22,42,60,2,,33,33,31418,40,0,cbXRN40T,0,347,13,2,1
85,S,69,90,19,3,,-1,61,315098,27,0,p3LTC2E0,0,822,8.6625,1,1
86,S,28,44,28,1,,27,19,112052,,0,o8wZx2wQ,0,634,0,1,0
87,S,38,63,35,1,E38,49,81,13509,65,0,Oqj4lmim,0,457,26.55,1,0
88,S,82,8,16,3,,66,74,315086,17,0,AGvduAtM,0,501,8.6625,2,0
89,S,10,57,90,1,C52,27,32,110564,28,0,HDxDCxeN,0,431,26.55,2,1
90,S,109,27,96,1,A34,11,56,33638,4,2,L59QfuXg,0,446,81.8583,1,1
91,S,55,-4,62,3,,58,24,349221,,0,LhVc4Qf4,0,651,7.8958,1,0
92,S,23,41,76,3,,33,66,347742,1,1,k1fMh6I2,1,173,11.1333,1,1
93,S,58,54,-3,2,,52,39,C.A. 34651,36,2,yKU3p4s5,1,451,27.75,1,0
94,S,126,30,25,2,,116,35,F.C.C. 13529,43,1,ixwn9RZ1,1,315,26.25,1,0
95,S,30,37,98,1,C91,69,54,PC 17582,38,1,I37Zb2QL,0,333,153.4625,2,0
96,S,75,20,66,2,,54,76,C.A. 31921,31,1,FzDRc2ZU,1,802,26.25,2,1
97,S,31,35,69,3,,29,57,343276,29,0,7dAgMCjB,0,91,8.05,1,0
98,S,63,50,54,3,,32,9,2223,18,0,XJ4XF2IK,0,835,8.3,1,0
99,C,11,51,52,2,,13,39,SC/PARIS 2131,,0,QVrMEGtb,0,182,15.05,2,0
100,C,26,99,27,1,C68,32,37,17421,39,1,3QhsYWea,1,582,110.8833,1,1
101,S,70,64,104,2,,35,69,28213,39,0,rmBAcdqC,0,796,13,2,0
102,S,61,51,37,3,,44,42,315151,26,0,gfpv1CGP,2,70,8.6625,2,0
103,S,14,50,45,3,,51,54,SOTON/O.Q. 3101307,20,0,XYZN5fCq,0,132,7.05,1,0
104,S,51,12,72,1,,68,31,PC 17611,,0,B22pnbCf,1,335,133.65,1,1
105,S,34,64,41,3,,67,46,LINE,49,0,rracDunU,0,598,0,1,0
106,C,84,40,62,2,,3,24,SC/PARIS 2133,23,0,9Ohv8051,0,136,15.0458,2,0
107,S,44,31,27,3,,92,80,3101295,1,1,u4JaNgqf,4,165,39.6875,1,0
108,Q,76,49,70,3,,36,95,330959,,0,7gHPgCpF,0,29,7.8792,2,1
109,S,77,18,69,3,,85,-4,W./C. 6607,,2,c8C5B4yH,1,784,23.45,1,0
110,S,61,99,71,2,F2,19,13,230080,3,1,KxZZgESK,1,194,26,2,1
111,S,53,33,55,3,,71,70,347742,4,1,PrvhR1Xl,1,870,11.1333,1,1
112,S,91,53,34,3,F G73,52,-3,348124,19,0,kWXaHy17,0,716,7.65,1,0
113,Q,78,57,36,3,,40,72,367232,40.5,0,dB3EqcBw,0,526,7.75,1,0
114,C,81,55,67,3,,67,65,2653,1,2,YthrNf39,0,382,15.7417,2,1
115,C,43,21,85,3,,33,57,2678,,2,KPy9uGBJ,0,141,15.2458,2,0
116,S,31,11,49,3,,39,63,STON/O 2. 3101280,21,0,jItrWpjo,0,174,7.925,2,0
117,S,72,72,61,1,E46,29,38,17463,54,0,07fQaYzm,0,7,51.8625,1,0
118,Q,24,63,56,3,,84,46,36568,,0,H2BqjVC0,0,719,15.5,2,0
119,C,29,91,29,2,,30,38,SC/Paris 2123,25,2,b9tPgFYE,1,686,41.5792,1,0
120,C,80,57,40,3,,42,49,2680,26,0,lOTJd4In,1,74,14.4542,1,0
121,S,13,13,17,3,,71,72,7552,22,0,KnI4qGpt,0,883,10.5167,1,0
122,S,40,-2,40,3,,68,62,363291,31,1,bxqC2vpG,1,329,20.525,1,1
123,C,20,92,75,1,C92,62,44,17453,49,0,6CkFnaLw,1,454,89.1042,2,1
124,S,64,47,90,2,,-5,67,C.A. 33112,19,1,P0Rh9Lvq,1,146,36.75,1,0
125,S,59,6,87,2,,95,79,C.A. 29566,24,0,uP4mr3Eo,0,235,10.5,2,0
126,S,36,39,54,3,,73,27,SOTON/OQ 392089,16,0,FWrDmq6Z,0,221,8.05,2,1
127,C,52,67,44,1,E50,66,21,11765,25,0,Ad8yZbMz,1,371,55.4417,2,1
128,S,35,59,55,3,,84,58,A/4 48871,39,0,cMYCgqFM,0,812,24.15,2,0
129,S,84,14,54,3,,69,66,A/5. 3337,47,0,AR9dCUfA,1,133,14.5,1,0
130,S,17,88,102,1,,25,74,113800,60,0,FQIcSrTb,0,695,26.55,1,0
131,S,6,79,74,2,,38,47,233866,24,0,1NTISzuc,0,865,13,1,0
132,S,25,39,76,1,A32,74,117,113767,,0,J6tTPtF7,0,186,50,1,0
133,S,42,62,42,2,,12,72,11668,27,0,5kKXddMU,1,42,21,1,0
134,C,69,51,62,2,,75,63,SC/PARIS 2146,,0,qFx1zqsq,0,548,13.8625,1,1
135,S,58,31,44,3,,36,66,349249,38,0,aMpU62xn,0,109,7.8958,1,0
136,S,49,9,97,3,,72,61,364511,44,0,qOIIR0x1,0,604,8.05,2,0
137,S,40,28,25,2,,28,20,C.A. 31026,21,0,LmptMdnD,0,57,10.5,2,1
138,S,48,62,46,3,G6,64,42,PP 9549,24,2,oUXcaV7G,0,395,16.7,1,1
139,S,56,61,69,2,,71,35,223596,45,0,4OAzxWjo,0,707,13.5,2,1
140,S,75,93,32,2,,18,37,C.A. 33112,8,1,zcV09JSq,1,550,36.75,2,1
141,S,14,22,95,3,,32,50,349909,8,1,nuNfdAkE,3,25,21.075,2,0
142,S,45,18,16,1,C128,64,41,113510,,0,jDyMr0BX,0,352,35,1,0
143,S,86,64,57,3,E10,91,32,SOTON/O.Q. 392078,32,0,1dujQppg,0,430,8.05,2,1
144,S,-3,79,31,1,E44,62,70,13507,50,0,0xNucUxy,1,435,55.9,1,0
145,S,16,56,22,3,,55,56,A/4. 39886,21,0,padmKmaI,0,52,7.8,2,0
146,S,17,71,36,2,,90,-13,W./C. 14258,50,0,CmzSF3mU,0,527,10.5,2,1
147,S,72,61,27,3,,60,34,STON/O2. 3101290,23,0,F7JF3IHG,0,817,7.925,2,0
148,S,29,76,36,3,,84,16,350417,32,0,i6qtN3wM,0,570,7.8542,2,1
149,Q,57,0,71,3,,103,42,382649,,0,PlXzOyDE,0,265,7.75,1,0
150,S,49,68,42,3,,39,67,W./C. 6608,21,2,8mTn8V3P,2,437,34.375,2,0
151,Q,89,93,49,3,,61,69,370377,,0,X45OwpIE,0,614,7.75,2,0
152,C,34,18,58,3,,-44,19,2672,25,0,qKuPmUyj,0,694,7.225,2,0
153,C,41,35,52,3,,37,100,2695,15,1,4T88SKWv,1,353,7.2292,2,0
154,S,59,73,33,3,,-1,72,345763,31,0,UYutLdcI,1,19,18,2,0
155,S,39,61,18,2,,60,48,234686,25,0,C2DhrKmb,0,667,13,1,0
156,S,89,45,74,2,,94,52,28403,54,0,TKtemqt7,0,583,26,2,0
157,S,16,73,44,1,,89,75,113059,28,0,zVVvFsNH,0,84,47.1,1,0
158,,65,19,71,1,B28,14,82,113572,38,0,MRR1Go7K,0,62,80,2,1
159,S,42,79,54,2,,92,36,250644,41,1,LJODUXtD,0,273,19.5,1,1
160,C,103,52,24,3,,30,62,349239,33,0,CBnM71zz,0,286,8.6625,1,0
161,S,48,57,56,2,,30,55,248731,52,0,nB2oVGFE,0,696,13.5,2,0
162,S,78,90,50,3,,40,62,C.A. 2673,16,1,w0NC8nyW,1,747,20.25,1,0
163,S,38,39,100,3,,59,83,A/5. 2151,20,0,SJTJJH4U,0,13,8.05,1,0
164,S,84,95,86,3,,37,89,347077,9,2,EUCUH1tt,4,183,31.3875,1,0
165,S,38,-6,54,3,,29,89,65306,,0,693vfbNR,0,445,8.1125,2,1
166,Q,49,48,70,3,,-21,54,330979,,0,VPNX7L0D,0,553,7.8292,1,0
167,S,42,44,52,3,,60,47,349234,,0,jBMzyabl,0,224,7.8958,2,0
168,C,45,95,42,1,,73,45,PC 17603,54,0,9VzFrBqC,1,514,59.4,1,1
169,S,43,36,29,3,,6,48,349224,26,0,pHCHt8Tf,0,629,7.8958,1,0
170,C,31,60,18,1,B41,89,31,13567,60,1,wLfgNFrp,1,588,79.2,1,1
171,S,31,85,30,3,,67,48,1601,,0,Fmh3i1WB,0,693,56.4958,1,1
172,C,28,25,70,1,B18,24,74,111361,44,1,wbNzCJVM,0,524,57.9792,2,1
173,S,76,49,58,3,,77,69,STON/O 2. 3101285,20,0,n299v6dy,1,665,7.925,2,1
174,S,86,35,80,3,,70,27,4133,,1,LbqHNquC,3,177,25.4667,1,0
175,S,48,46,84,2,,89,91,S.O./P.P. 3,16,0,bY1NXGj2,0,842,10.5,1,0
176,S,28,24,40,3,,53,54,CA 2144,43,6,0JIKrA8i,1,679,46.9,2,0
177,S,75,35,57,3,,92,46,315093,17,0,CGmI4Npv,0,164,8.6625,1,0
178,S,49,93,9,1,D35,29,34,11751,37,1,FzWjNrna,1,249,52.5542,1,1
179,S,104,36,43,2,,40,32,S.W./PP 752,62,0,HyWvXw7p,0,571,10.5,2,1
180,Q,45,73,45,3,,14,42,382652,8,1,98DxDxI4,4,788,29.125,1,0
181,S,74,63,10,3,,39,50,1601,32,0,bqtyEY9i,0,75,56.4958,1,1
182,S,70,50,33,3,,35,55,4136,20,0,pSiSaby5,1,114,9.825,2,0
183,S,39,102,58,2,,37,58,237668,28,0,vVCywM7S,0,636,13,1,1
184,Q,36,41,19,3,,31,23,364846,21,0,t1SWnHL6,0,502,7.75,1,0
185,S,33,71,89,3,,105,45,3101276,37,0,6HWuYU2v,2,105,7.925,2,0
186,C,79,98,39,3,,65,43,2627,17,0,h7BznISV,0,115,14.4583,1,0
187,Q,31,68,64,3,,56,56,14313,,0,m6lIOZB1,0,369,7.75,2,1
188,S,54,3,101,1,E31,18,49,W.E.P. 5734,46,0,9y5aRMWL,1,93,61.175,2,0
189,S,43,61,28,3,,35,102,C.A. 6212,,0,3qr749CM,0,498,15.1,2,0
190,S,51,70,65,3,,53,76,343275,24,0,7Hv0nlUm,0,90,8.05,1,0
191,S,21,51,72,1,C2,67,-13,113776,29,0,lnfHAHOV,1,337,66.6,2,0
192,C,40,27,63,1,C50,81,46,11767,56,1,fSzowVZ4,0,880,83.1583,2,1
193,C,51,48,61,2,,56,50,S.C./PARIS 2079,31,1,YTDJZQ7k,1,818,37.0042,1,0
194,Q,56,57,42,3,,55,100,367228,,0,OdPhJu6d,0,829,7.75,1,1
195,S,79,40,51,2,,65,18,2908,32,0,lUtvWGKz,1,544,26,1,1
196,S,75,87,47,3,,39,78,363291,33,1,21JU4Y57,1,549,20.525,2,0
197,S,57,42,29,3,,54,48,364500,59,0,ous7iZ2D,0,95,7.25,2,0
198,S,-1,77,58,1,C103,51,36,113783,58,0,EvT4ko8J,0,12,26.55,2,1
199,S,81,70,50,3,,70,62,376564,,0,uwIqDBBh,1,432,16.1,1,1
200,C,49,-21,52,2,,30,65,SC/Paris 2123,3,2,eGPLGEe5,1,44,41.5792,1,1
201,C,25,85,79,3,,81,38,349253,,0,1dsADrcr,0,43,7.8958,1,0
202,C,15,97,68,1,B18,40,8,111361,16,1,KQIx0W2W,0,330,57.9792,2,1
203,S,40,39,30,3,,46,94,347088,45,4,uAlGPzOf,1,168,27.9,1,0
204,S,94,28,76,1,B3,56,38,24160,43,1,qHiTCw3N,0,780,211.3375,2,1
205,C,56,83,39,1,,44,99,PC 17761,30,0,AhOc7vm5,0,538,106.425,2,1
206,S,57,82,32,3,,49,107,54636,28.5,0,z7KPNoID,0,736,16.1,1,0
207,S,41,2,42,3,,100,65,350035,24,0,2zCCkJui,0,500,7.7958,1,0
208,S,39,83,82,2,,46,45,250653,30,0,H6KNgdCx,0,179,13,1,0
209,C,85,76,12,1,A10,65,46,13049,36,0,FADXSWio,0,584,40.125,1,0
210,S,55,45,54,3,,52,40,SOTON/O.Q. 3101312,25,0,k17vlGRm,0,785,7.05,2,0
211,Q,53,78,62,3,,31,30,364848,,2,S5dmf8Qr,0,594,7.75,2,0
212,C,93,74,79,1,C49,22,37,PC 17595,50,0,ligUPZwy,0,178,28.7125,1,0
213,C,71,88,8,3,,1,48,2666,0.75,1,dmGRaQhx,2,645,19.2583,2,1
214,C,47,16,101,1,C90,37,45,PC 17482,24,0,DINj5yMK,0,711,49.5042,1,1
215,S,14,11,25,2,,37,34,220845,24,2,drqohmIU,1,616,65,1,1
216,S,56,60,30,1,,38,31,113789,35,0,kv2W7qLv,1,384,52,1,1
217,S,62,72,94,1,B77,55,61,110152,30,0,qgVNLhXz,0,258,86.5,2,1
218,S,21,1,51,2,,81,59,233639,23,0,CuQJWiAy,0,735,13,1,0
219,S,62,55,42,3,,61,20,349225,,0,GiVD5VS9,0,336,7.8958,1,0
220,S,34,66,88,2,,64,90,244358,27,0,VKLUY1z1,0,552,26,1,0
221,S,47,64,82,2,,52,83,248706,55,0,KR3tguls,0,16,16,2,1
222,S,39,53,91,1,C123,43,35,113803,35,0,Yk94wiKC,1,4,53.1,2,1
223,Q,72,74,59,3,,24,15,394140,,0,spQvKzYw,0,412,6.8583,2,0
224,C,35,30,25,1,,84,60,PC 17585,,0,qdiEG1ry,0,257,79.2,1,1
225,S,5,51,36,3,,28,69,65303,,0,edDcdCeC,1,452,19.9667,2,0
226,C,56,53,55,2,D,39,75,SC/AH Basle 541,23,0,YCiPJ6Ds,0,474,13.7917,1,1
227,Q,52,77,78,3,,44,37,35852,,0,uT3z55rE,0,698,7.7333,1,1
228,C,61,43,59,1,D36,63,62,35273,23,0,tmI8bN77,1,394,113.275,2,1
229,S,63,39,36,3,,41,37,21440,51,0,2Zj2n6xg,0,223,8.05,1,0
230,S,48,84,48,2,,46,38,26360,33,2,VK7VsPpO,0,507,26,2,1
231,S,53,68,64,3,,22,85,349909,29,4,y76XPi3I,0,568,21.075,1,0
232,C,51,48,17,3,,49,77,349254,,0,AKOkOqVi,0,421,7.8958,1,0
233,S,29,68,-8,3,,12,73,CA. 2343,,2,h5DWx6Jj,8,325,69.55,1,0
234,S,24,32,53,2,,30,32,26360,2,1,7p67AvJL,1,531,26,1,1
235,C,46,38,59,2,,46,65,237736,14,0,irq2HhV4,1,10,30.0708,1,1
236,S,44,84,63,2,,63,24,244252,54,0,TZIZ70Oc,1,250,26,2,0
237,Q,40,49,23,3,,52,73,330923,15,0,4VKhdP6w,0,23,8.0292,1,1
238,S,42,14,49,1,E33,62,48,113505,22,1,TlmTwvic,0,357,55,1,1
239,S,52,80,31,2,,84,19,220367,27,0,Hq6QL1uD,0,222,13,2,0
240,S,48,73,56,3,,21,9,349214,,0,T44RMLGM,0,602,7.8958,1,0
241,C,65,34,24,1,,55,78,112379,,0,69vh7dKU,0,767,39.6,1,0
242,C,11,61,20,2,,0,61,P/PP 3381,28,0,e2ziGf66,1,875,24,2,1
243,S,52,105,104,3,,24,34,3101296,39,0,WCZ9kTz4,0,529,7.925,1,0
244,S,12,71,12,2,F2,56,104,230080,2,1,GIaZIPjJ,1,341,26,1,1
245,S,52,12,26,3,,58,44,376566,24,0,RfpeYLKn,1,744,16.1,2,0
246,S,64,63,44,3,,84,58,349242,32,0,pIW4AmhP,0,520,7.8958,2,0
247,C,44,82,54,3,,41,59,2628,45.5,0,WHZoi6BE,0,204,7.225,1,0
248,S,72,81,50,2,,36,8,C.A. 31921,8,2,vadjOkSc,0,238,26.25,1,1
249,S,53,37,46,3,,17,53,C.A. 2315,26,2,r05pDhWG,1,94,20.575,1,0
250,S,-13,56,52,1,B5,111,89,24160,29,0,tQKJ9Jpw,0,731,211.3375,2,1
251,S,43,66,49,2,,49,74,F.C.C. 13529,45,1,Tv9qzoiG,1,441,26.25,2,1
252,S,17,21,33,3,,48,42,345572,36,0,F45wehIq,1,560,17.4,2,1
253,S,47,76,73,1,A19,38,26,113056,,0,JL9n1mJ0,0,285,26,2,0
254,S,77,32,94,3,,22,72,315153,4,2,mnf6oG0j,0,185,22.025,1,1
255,S,63,41,23,2,,94,40,239865,16,0,LcSIpMBL,0,792,26,1,0
256,C,54,15,65,1,B37,56,66,11771,58,0,tt8SoNgv,0,488,29.7,2,0
257,S,29,102,53,3,,12,30,A/5. 851,40.5,2,gF2ajQjZ,0,154,14.5,1,0
258,S,8,98,38,3,F G73,22,29,348123,25,0,D7d4Su3g,0,76,7.65,1,0
259,S,50,49,32,3,,75,52,349223,,0,LvLBBQ0L,0,657,7.8958,2,0
260,S,97,59,91,3,,77,5,347743,51,0,HGGKz8Nl,0,632,7.0542,1,0
261,S,80,46,5,2,,60,36,239853,,0,nkojDn7y,0,278,0,2,0
262,S,73,80,37,3,,41,39,3101281,17,2,VHxXZ10e,4,69,7.925,2,1
263,Q,44,24,32,3,,64,7,368323,,0,W816SWvM,0,826,6.95,1,0
264,Q,47,24,67,3,,80,55,364849,40,1,KUxEwBuZ,1,189,15.5,1,0
265,S,53,54,82,3,,77,38,LINE,25,0,dAMlBXRN,0,272,0,2,1
266,S,21,49,102,1,E58,83,23,5727,47,0,rBULFzVc,0,663,25.5875,2,0
267,S,45,16,109,1,C124,34,19,113028,,0,DmzmsWDQ,0,712,26.55,1,0
268,S,89,37,48,2,,77,57,26707,44,0,OIYhh67N,1,237,26,2,0
269,S,23,77,57,1,C23 C25 C27,70,85,19950,23,2,S7CuVyOL,3,89,263,2,1
270,S,23,12,31,2,,78,53,29108,18,0,gjjPG3Fh,0,758,11.5,1,0
271,S,61,66,25,2,,49,71,11668,29,0,4eKB0TuA,1,118,21,1,0
272,C,47,58,34,3,,36,28,2651,12,0,KZg2V2f1,1,126,11.2417,1,1
273,C,54,1,50,3,,26,43,2699,11,0,TsQBOULa,0,732,18.7875,1,0
274,Q,52,24,29,3,,47,72,370373,22,0,xIX7v0Eh,0,290,7.75,1,1
275,S,59,55,39,2,,74,61,28665,19,0,G3iD5Z0F,0,239,10.5,1,0
276,S,40,49,30,3,,24,43,A/5 21171,22,0,aQFADelt,1,1,7.25,1,0
277,S,16,58,67,3,,45,41,349257,33,0,oV3VjxZb,0,882,7.8958,1,0
278,S,35,30,30,1,,59,57,113792,56,0,7CbHDS8l,0,468,26.55,1,0
279,C,76,59,25,2,,34,84,S.C./PARIS 2079,1,2,zn0eckL3,0,828,37.0042,2,1
280,S,103,46,8,3,,-23,28,350052,22,0,LnpWzysG,0,396,7.7958,2,0
281,C,34,52,62,3,,20,54,2641,,0,dbofQXNx,0,532,7.2292,1,0
282,Q,49,78,47,3,,28,79,370372,,0,BMBah2bt,0,127,7.75,2,0
283,Q,-2,60,25,3,,62,80,382652,7,1,od3dewpa,4,279,29.125,2,0
284,C,69,71,69,3,,98,-6,349256,4,1,9G8IdSSs,0,692,13.4167,2,1
285,Q,15,62,19,3,,38,1,370369,70.5,0,FHTTPwSg,0,117,7.75,2,0
286,S,13,57,11,2,,63,51,236171,18,0,qfXZ6Txv,0,229,13,1,0
287,C,61,39,8,3,,78,51,2653,20,1,R9mm8DN3,1,623,15.7417,2,1
288,S,20,48,42,2,,38,74,S.O.C. 14879,24,0,ISqguIe7,2,656,73.5,2,0
289,C,54,38,53,3,,21,81,2664,,0,EMF78Wvu,0,599,7.225,2,0
290,S,50,82,23,2,F33,32,60,C.A. 34260,34,0,6HYXlU3z,0,517,10.5,1,1
291,Q,46,19,67,3,,45,24,370375,,0,4wsiXC0U,0,275,7.75,2,1
292,S,37,36,19,1,C7,42,67,36928,31,2,KAeHq5yA,0,319,164.8667,2,1
293,S,90,6,43,3,,82,17,349246,30,0,RP7XEpuP,0,607,7.8958,2,0
294,S,50,28,48,2,,70,89,231945,18,0,qDlQCYIi,0,145,11.5,2,0
295,S,37,66,69,3,,40,49,347088,9,2,6WMDYA6R,3,635,27.9,2,0
296,S,9,54,-17,1,E67,45,15,110413,39,1,hJ2pWF2o,1,559,79.65,1,1
297,S,29,50,15,1,E8,30,54,113806,33,0,8lkTQINp,1,810,53.1,1,1
298,S,51,90,120,1,B22,56,79,WE/P 5735,70,1,wUQZ6qKa,1,746,71,2,0
299,C,41,46,35,1,B35,29,65,PC 17477,24,0,wbEjUT3I,0,370,69.3,1,1
300,S,75,3,80,1,C125,62,-14,PC 17582,58,1,Wm1LOMrP,0,269,153.4625,2,1
301,S,3,14,-1,3,,78,54,350029,21,0,s1ZIEEv4,0,624,7.8542,2,0
302,C,69,13,65,1,C65,40,62,PC 17758,17,0,n8vYCDn7,1,308,108.9,1,1
303,S,103,39,8,3,,32,64,347080,28,1,SKN7sk72,1,424,14.4,2,0
304,C,79,45,80,1,C54,79,92,11767,24,0,4LxbKu01,0,311,83.1583,1,1
305,C,13,38,32,3,,48,63,2647,,0,hEmvHlIG,0,355,7.225,1,0
306,Q,47,-21,59,3,,20,63,370371,,0,U6dGOgx9,1,47,15.5,1,0
307,S,59,29,67,3,,70,-5,315088,42,0,lfDCZCN1,0,350,8.6625,1,0
308,S,97,59,53,3,,80,123,3101267,18,0,LEvou4fb,1,372,6.4958,2,0
309,S,42,67,27,3,,20,68,3101298,2,1,6M1ZaHUX,0,480,12.2875,2,1
310,S,45,73,68,2,,55,78,243880,34,0,9RtmR5Up,0,577,13,2,1
311,S,45,96,-5,3,,59,10,347077,3,2,QH3xozNG,4,262,31.3875,2,1
312,C,57,78,92,1,B80,44,62,PC 17569,58,0,nbCI6FVc,0,196,146.5208,2,1
313,Q,37,48,29,3,,70,27,370376,32,0,x4rfKNEH,0,891,7.75,1,0
314,S,86,27,43,3,,49,35,STON/O 2. 3101288,31,0,zSr9wqK7,0,745,7.925,2,1
315,S,71,60,3,3,,56,74,312991,,0,dElTAUgV,0,108,7.775,2,1
316,C,92,36,33,2,,68,42,SC/PARIS 2149,27,0,1qsfgAbH,1,867,13.8583,2,1
317,S,44,44,75,3,,82,31,CA 2144,11,2,TeT7Zzaz,5,60,46.9,2,0
318,S,53,95,48,2,,86,19,29751,23,0,zbkgL1Lf,0,659,13,2,0
319,S,84,56,40,1,B94,84,41,112059,40,0,cyOiyqjO,0,264,0,1,0
320,C,20,35,97,3,,44,23,2686,,0,Qh3O5kc6,0,569,7.2292,1,0
321,S,54,10,44,3,,75,81,349245,28,0,hGNJfhc3,0,101,7.8958,1,0
322,S,50,93,-13,2,,36,59,230434,28,0,eHeaHnHk,0,444,13,2,1
323,S,9,43,22,3,,97,44,65304,,0,lf3ORrlJ,1,491,19.9667,2,0
324,S,12,55,32,3,,81,73,349228,19,0,ZhcKA5Jc,0,688,10.1708,1,0
325,S,46,51,36,3,,96,73,345773,30,1,GgyH8RCR,1,800,24.15,2,0
326,S,104,52,38,3,,35,60,350050,20,0,fAdUqSEV,0,641,7.8542,1,0
327,S,47,32,27,3,,59,40,1601,28,0,36ppodbW,0,170,56.4958,1,0
328,S,31,32,61,3,,47,64,LINE,36,0,IaadZ80R,0,180,0,2,0
329,S,18,69,63,3,,15,81,A/5 2466,,0,VIBCyD1B,0,305,8.05,1,0
330,S,82,86,94,1,C23 C25 C27,74,87,19950,24,2,Fi7CFwBX,3,342,263,2,1
331,C,62,49,54,3,,76,18,2697,28.5,0,Y15wLas2,0,58,7.2292,2,0
332,C,4,88,14,3,,32,73,2666,24,3,OgEw5AeH,0,859,19.2583,1,1
333,S,97,31,31,2,,18,78,244310,42,0,Q2QVYbbo,0,150,13,2,0
334,S,48,53,15,1,D26,40,-2,35281,54,1,SmbnAH7M,0,125,77.2875,2,0
335,Q,59,66,87,3,,31,17,36864,25,0,vSWWfUFq,0,704,7.7417,1,0
336,S,41,78,22,3,,115,65,3101295,7,1,LYJXfVZh,4,51,39.6875,1,0
337,S,57,20,93,3,,38,39,349237,25,0,K2PLJLm2,1,354,17.8,1,0
338,S,47,36,55,3,E121,59,48,392096,27,1,hPGF5l2F,0,824,12.475,2,1
339,S,54,64,51,3,,59,53,STON/O2. 3101279,24,0,5YImmF6U,1,143,15.85,1,1
340,S,28,49,32,3,,48,63,323592,,0,4pbJ4vn6,0,471,7.25,1,0
341,S,56,7,53,2,,51,27,240929,28,0,XAkOoUYq,0,400,12.65,1,1
342,S,85,17,51,3,,85,89,358585,19,0,PhNPzNfa,0,576,14.5,1,0
343,S,70,54,68,3,,53,33,A/5 21172,22,0,EHjISDQV,0,321,7.25,2,0
344,C,17,49,55,3,,16,68,2649,,0,k2NjhJI5,0,20,7.225,1,1
345,S,54,53,48,3,,14,62,CA. 2343,,2,7P47Ul0v,8,793,69.55,2,0
346,S,28,53,88,1,E24,57,80,PC 17476,42,0,N9FMQN08,0,708,26.2875,2,1
347,S,27,37,49,2,,57,61,250643,50,0,oS40xnVI,0,724,13,2,0
348,S,80,67,56,2,,54,36,29106,3,1,YjqT7VbY,1,408,18.75,1,1
349,C,103,60,41,1,,42,1,PC 17757,,0,7EPLGgN2,0,558,227.525,2,0
350,S,28,49,107,3,,51,101,345764,18,0,dByWH4PZ,2,39,18,1,0
351,S,20,46,36,3,,43,33,350404,18,1,NdLGbVBT,1,176,7.8542,1,0
352,Q,48,19,49,1,C78,23,66,19928,44,0,u5dIbmez,2,246,90,2,0
353,S,15,40,47,1,D45,58,50,16988,,0,h1A2lNzu,0,741,30,1,1
354,S,51,72,24,1,,83,84,113796,,0,9TNwpu6e,0,603,42.4,2,0
355,Q,41,33,71,3,,66,58,371110,,0,9qmF3BNO,1,769,24.15,1,0
356,S,25,103,38,3,,55,59,347074,16,0,yPecYa7v,0,765,7.775,1,0
357,S,77,74,11,3,,26,50,Fa 265302,,0,0phoysue,0,155,7.3125,2,0
358,S,13,43,61,3,,54,62,349206,22,0,pdGTY2bA,0,288,7.8958,2,0
359,S,31,51,2,2,,50,88,29103,4,1,tlcGC2l9,1,751,23,1,1
360,S,43,65,53,2,,12,58,244373,,0,pWRTpESR,0,18,13,2,1
361,S,40,77,36,3,,89,55,C 17369,24,0,Rob8louj,0,128,7.1417,1,1
362,Q,46,84,53,2,,62,87,234818,30,0,7HeURMq4,0,323,12.35,1,1
363,C,30,69,28,3,,59,4,2650,29,2,5Arb2xYf,0,256,15.2458,2,1
364,S,53,58,26,3,,63,104,345781,24,0,OCpN298y,0,771,9.5,2,0
365,S,71,51,64,1,,68,29,36928,45,1,4AmQP6b1,1,857,164.8667,1,1
366,S,20,119,59,2,,49,56,234604,32,0,6vDplF5L,0,191,13,1,1
367,S,67,-1,28,3,,72,50,STON/O 2. 3101294,21,0,buZbG8Ed,0,116,7.925,2,0
368,C,85,26,51,1,B101,93,47,PC 17755,35,0,XogV46YO,0,738,512.3292,2,1
369,S,44,13,42,3,,34,50,CA. 2343,,2,w8QO29UE,8,181,69.55,2,0
370,Q,50,19,35,3,,71,43,367226,,0,1cSHfiHV,2,302,23.25,2,1
371,C,59,52,62,1,B51 B53 B55,60,48,PC 17755,36,1,olwVSAx9,0,680,512.3292,1,1
372,S,51,56,11,3,,79,44,3101295,41,5,XHg7zgOb,0,639,39.6875,1,0
373,S,34,80,42,3,,38,58,CA. 2314,23,0,gybqSCR4,0,650,7.55,1,1
374,S,58,60,67,3,,123,29,347080,34,1,tS9rCEOa,1,617,14.4,2,0
375,S,26,101,77,2,,59,39,248727,,0,NCLgxFnY,0,597,33,1,1
376,Q,82,55,18,3,,52,39,371110,,0,dhPjBND4,0,518,24.15,2,0
377,C,4,84,53,3,,53,58,2667,15,0,vBEXHJpB,0,876,7.225,1,1
378,S,18,-3,60,3,,37,73,S.C./A.4. 23567,,0,NgTxdXmr,0,46,8.05,1,0
379,S,80,24,67,3,,39,45,347087,18,0,PffiWzQq,0,808,7.775,1,0
380,S,65,92,62,3,,37,60,SOTON/OQ 392090,30,0,BHlBSG4x,0,158,8.05,1,0
381,S,28,38,65,2,,21,47,S.O.C. 14879,32,0,fiaLND2T,2,666,73.5,1,0
382,Q,29,35,46,3,,-18,7,382652,4,1,AKYuoUca,4,172,29.125,1,0
383,Q,28,36,10,3,,74,75,382652,2,1,5ayOgxO5,4,17,29.125,1,0
384,S,103,99,74,3,,62,47,SOTON/OQ 3101316,,0,gY1Zd1NJ,0,512,8.05,1,0
385,C,33,77,65,3,,58,64,2662,,0,UmyfBaz7,2,49,21.6792,1,0
386,S,53,76,21,1,D17,18,40,17466,48,0,fpyWFuZo,0,863,25.9292,2,1
387,Q,75,55,84,3,,32,61,335097,31,0,Px1MiXMs,0,750,7.75,1,0
388,S,80,71,24,1,D46,90,38,36967,47,0,1alyAOOE,0,516,34.0208,1,0
389,S,86,18,69,3,,62,54,A/5. 3336,26,0,H3ULy6jk,1,618,16.1,2,0
390,S,35,55,64,3,,53,58,CA 2144,9,2,sqOp4U36,5,481,46.9,1,0
391,S,63,115,58,3,,83,45,A/5. 10482,19,0,ri4yMnNw,0,284,8.05,1,1
392,S,68,59,22,3,,33,42,A./5. 3235,,0,EAGdC2n3,0,590,8.05,1,0
393,S,42,51,72,3,,48,48,PP 4348,22,0,17GmoKPe,0,226,9.35,1,0
394,C,-15,38,42,3,,85,45,2631,,0,lQrCdB4l,0,27,7.225,2,0
395,S,11,58,17,2,,58,56,248727,28,1,ECgVMxsA,0,849,33,2,0
396,S,8,24,29,2,,13,24,29106,24,3,bYNx3oQG,2,438,18.75,1,1
397,S,73,61,62,3,,42,15,315090,17,0,b1sZCYgP,0,845,8.6625,2,0
398,Q,39,91,-22,3,,-16,36,370365,,0,0QHMgfkl,1,365,15.5,2,0
399,S,69,8,62,3,,64,76,4133,,1,XSu6EdTG,3,230,25.4667,1,0
400,S,40,34,86,3,,60,22,A./5. 2152,21,0,898vjiAS,0,38,8.05,2,0
401,S,65,44,39,1,E17,15,35,113055,51,0,lw4Uoksn,0,858,26.55,2,1
402,S,84,22,66,3,,10,78,349909,3,1,ssU5oxpy,3,375,21.075,2,0
403,C,45,81,33,3,,8,47,2666,0.75,1,zX46XefY,2,470,19.2583,1,1
404,C,50,28,71,3,,84,69,2629,,0,rpaJW6Jf,0,860,7.2292,1,0
405,S,5,43,12,3,,2,49,363294,34,0,WdWdblWd,0,759,8.05,1,0
406,S,35,61,26,2,,50,82,231919,18,1,IKtgFL5Q,0,652,23,2,1
407,C,29,54,65,1,B4,89,78,PC 17610,44,0,snzFEVmX,0,195,27.7208,1,1
408,S,37,21,50,3,,43,84,358585,,0,BhAQcRku,0,761,14.5,2,0
409,S,65,42,79,3,,53,35,345777,,0,k7HItLdm,0,869,9.5,1,0
410,S,86,54,65,3,,23,53,4135,37,0,xhVNnRT4,0,504,9.5875,1,0
411,S,31,43,40,2,,46,16,28134,21,0,fuVmJTgQ,1,862,11.5,1,0
412,S,60,61,74,1,C46,93,39,19877,36,0,ctqcugV9,1,742,78.85,1,0
413,S,34,71,-5,3,,21,44,STON/O 2. 3101286,32,0,fvPwBQaz,0,580,7.925,1,1
414,S,41,37,59,3,,67,67,W./C. 6607,,2,bHhMqSzB,1,889,23.45,2,0
415,S,87,85,23,3,,45,44,347068,26,0,N9W30wdo,0,163,7.775,2,0
416,S,51,61,55,1,A23,25,76,27042,80,0,wg6bmRX2,0,631,30,2,1
417,S,50,57,65,3,,31,41,A.5. 11206,55.5,0,5NlFE2wa,0,153,8.05,2,0
418,S,48,34,46,2,,85,86,29750,60,1,iaWcjPY0,1,685,39,2,0
419,Q,52,62,40,3,,32,66,334912,,0,3rqDbvuL,0,630,7.7333,2,0
420,S,38,64,42,3,,38,53,349912,18,0,JjnBwx4o,0,676,7.775,2,0
421,C,-5,58,60,3,,35,51,2665,14.5,0,Y2H0pY18,1,112,14.4542,2,0
422,S,67,42,68,2,,36,43,SW/PP 751,19,0,HTvWhUgA,0,227,10.5,1,1
423,S,94,70,70,2,F4,47,78,230136,4,1,cxPnBh1z,2,619,39,2,1
424,S,50,55,60,3,,81,49,7540,33,0,1zRwtj92,0,104,8.6542,2,0
425,Q,58,28,37,3,,79,21,A/5. 13032,21,0,1zgHUGhk,0,422,7.7333,2,0
426,S,66,60,77,3,,13,0,345773,10,2,hNdRBnCB,0,420,24.15,1,0
427,S,33,75,51,2,,25,46,237565,47,0,kryjoFGW,0,587,15,2,0
428,S,58,50,67,3,,60,10,347082,2,2,NljF5IMX,4,120,31.275,1,0
429,S,40,71,30,2,,99,38,2926,29,0,FytktPhk,1,54,26,1,1
430,S,38,46,26,1,C2,70,50,113776,22,0,WsFjRe1T,1,152,66.6,1,1
431,S,39,41,57,3,,39,56,STON/O2. 3101279,28,0,TPHBugKQ,1,404,15.85,1,0
432,C,77,27,37,1,C47,9,79,11774,,0,JgNqWFRB,0,840,29.7,2,1
433,C,55,61,66,3,,67,26,2699,26,0,Ks67jBTu,0,208,18.7875,2,1
434,S,53,64,42,3,,34,102,345780,33,0,QEnSdrGx,0,753,9.5,2,0
435,S,63,49,43,2,E101,62,36,34218,27,0,EUkiwvzd,0,718,10.5,2,1
436,S,65,66,46,3,,45,56,347742,27,2,kYqtsQOM,0,9,11.1333,2,1
437,S,48,59,29,2,,73,38,12233,34,0,M6bpDBeD,0,723,13,2,0
438,C,76,7,85,3,,76,62,2677,,0,Ytr47a0b,0,37,7.2292,2,1
439,C,47,71,32,1,C111,32,19,113051,30,0,nsKFwWM6,0,453,27.75,2,0
440,S,55,25,38,3,,47,57,A/5. 3336,30,0,OCnMSxxa,1,254,16.1,2,0
441,Q,27,64,74,2,E101,45,12,226593,,0,cSJR3cuM,0,304,12.35,1,1
442,S,13,52,78,3,,25,11,312993,,0,TG1PXezP,0,668,7.775,1,0
443,S,26,60,97,1,C101,29,-2,11769,53,0,eaw3zP2f,2,572,51.4792,1,1
444,S,39,50,93,3,,32,37,STON/O 2. 3101292,32,0,325oYSFq,0,637,7.925,1,0
445,S,38,41,71,2,,40,77,250647,52,0,kZyzb3rF,0,715,13,2,0
446,S,10,56,14,1,E67,78,55,110413,52,1,grmgKoy5,1,263,79.65,2,0
447,S,48,39,53,3,,35,36,347082,39,5,t42Ra77G,1,611,31.275,2,0
448,S,117,76,85,1,C22 C26,31,91,113781,2,2,ow8J63iv,1,298,151.55,2,0
449,S,99,29,59,3,,21,44,STON/O 2. 3101269,44,0,s0SnWnCf,0,415,7.925,2,1
450,S,72,62,36,2,,15,56,S.O.P. 1166,51,0,vqx2R0zC,0,151,12.525,1,0
451,S,52,64,91,2,,-6,37,250655,39,0,krlhn13m,0,706,26,2,0
452,C,58,53,73,1,B82 B84,47,77,PC 17593,46,0,jxpQIY4S,0,790,79.2,2,0
453,C,81,46,121,1,C70,55,57,17421,17,2,P2OOndOI,0,551,110.8833,2,1
454,S,8,54,69,3,,57,80,A.5. 18509,30,0,bJjVACql,0,489,8.05,1,0
455,S,51,26,59,3,,52,62,W./C. 6608,9,2,bDgxG3Kw,2,148,34.375,1,0
456,S,69,58,36,3,,87,47,350043,27,0,5hYQCJNR,0,147,7.7958,2,1
457,S,50,66,81,3,,46,27,315097,21,0,lS6OdbL6,0,837,8.6625,2,0
458,S,63,44,68,3,,56,73,1601,,0,dyG3Nu5t,0,827,56.4958,1,0
459,S,59,107,58,3,,48,24,349248,26,0,q3FsmJxB,0,871,7.8958,2,0
460,S,53,58,70,3,,44,66,C.A. 37671,3,1,wFL9XEMf,1,349,15.9,1,1
461,S,68,78,68,2,,41,-12,234360,48,0,ZVfQQFqG,0,464,13,2,0
462,C,45,87,41,1,C32,43,33,PC 17760,36,0,EjRjeNaZ,0,326,135.6333,1,1
463,Q,63,60,85,3,,78,72,370365,,0,q203BQl4,1,187,15.5,1,1
464,S,42,21,56,2,E101,26,45,27267,32.5,0,LbDDZjNV,0,124,13,1,1
465,S,65,70,67,1,B77,69,51,110152,33,0,OyV9qE6j,0,760,86.5,2,1
466,C,103,73,63,2,,67,39,SC/Paris 2123,22,2,pw1ZMGAl,1,609,41.5792,2,1
467,Q,37,63,37,3,,55,-7,365222,19,0,ScJKiqWb,0,144,6.75,1,0
468,S,92,57,40,3,,2,45,347060,74,0,s5WwW73F,0,852,7.775,1,0
469,S,55,50,96,3,,34,41,4579,42,1,rrkUWLxC,0,198,8.4042,1,0
470,S,99,50,20,1,C125,95,80,PC 17582,40,0,Ab4JizSZ,0,610,153.4625,1,1
471,S,39,45,69,3,,51,21,C.A. 2673,35,1,Mac4tnom,1,280,20.25,1,1
472,S,43,34,32,3,,49,18,349236,24,0,Y0iFhoCn,0,294,8.85,1,0
473,S,107,34,64,3,,44,34,STON/O 2. 3101289,39,0,wWUsGNOL,0,401,7.925,1,1
474,C,70,54,6,2,,67,29,237736,32.5,0,pWbeBAJz,1,123,30.0708,1,0
475,S,34,35,23,2,F4,35,47,230136,1,1,Rsj9LQ7f,2,184,39,1,1
476,S,16,105,76,3,,56,58,3101264,34,0,p5jfsbr6,0,203,6.4958,2,0
477,S,49,42,68,1,C23 C25 C27,70,68,19950,64,4,s7iyMwx1,1,439,263,2,0
478,S,43,66,47,3,,23,101,347071,25,0,qcxjKvla,0,247,7.775,1,0
479,S,62,49,87,3,,84,91,343095,,0,LSOYamEL,0,416,8.05,1,0
480,S,35,73,58,3,,35,74,C.A. 2315,1,2,Tjexxko8,1,789,20.575,2,1
481,S,38,41,74,3,,42,30,347061,45,0,mHomDBhK,0,130,6.975,2,0
482,S,31,49,52,2,,62,45,C.A. 31921,31,1,z4aID6e4,1,638,26.25,2,0
483,S,71,87,20,3,,58,14,4137,21,0,ukCII27c,1,403,9.825,2,0
484,S,18,38,72,3,,46,37,349203,25,0,P2eq7S50,0,795,7.8958,1,0
485,S,71,29,53,1,B5,0,57,24160,15,1,h8mFdwpy,0,690,211.3375,2,1
486,S,9,50,70,3,,65,60,3474,26,0,ZMHByGRE,0,811,7.8875,1,0
487,S,51,75,46,2,,12,33,W/C 14208,30,0,vYwhNwFA,0,220,10.5,2,0
488,C,65,33,84,1,B35,78,29,PC 17477,24,0,XfS6vyRa,0,642,69.3,1,1
489,S,71,59,55,2,,55,-10,28206,35,0,H4K3U69l,0,813,10.5,2,0
490,S,53,53,84,2,,32,57,C.A. 24580,70,0,zQCV3c4p,0,673,10.5,1,0
491,S,26,76,85,1,B102,42,70,112058,,0,iBMQO4l4,0,816,0,1,0
492,S,43,65,9,3,,21,36,54636,21,0,zIcWsxDW,0,625,16.1,1,0
493,S,33,54,85,3,,23,99,392091,18,1,gw7m71fP,0,856,9.35,2,1
494,Q,35,49,41,3,,43,70,330935,,0,doHC6B47,0,681,8.1375,2,0
495,S,62,31,34,3,,15,90,CA 2144,1,2,h4tQcdyx,5,387,46.9,2,0
496,S,76,38,43,3,,44,55,CA. 2343,,2,y1tCivUp,8,864,69.55,1,0
497,S,80,54,53,3,,75,49,1601,26,0,o3ZhytIC,0,510,56.4958,2,1
498,S,36,47,35,3,,54,45,347083,25,0,AtlhMgRI,1,268,7.775,1,1
499,S,79,70,63,2,,34,51,239855,,0,LR59gPAp,0,733,0,2,0
500,S,72,68,49,3,,-10,83,345769,20,0,JhN3QHHp,0,442,9.5,1,0
501,C,56,44,74,1,D20,68,68,36947,54,0,ereSZcqp,1,497,78.2667,1,1
502,S,57,16,-2,3,,65,59,324669,22,0,MIFgoptI,0,113,8.05,1,0
503,S,43,5,72,2,,79,73,237442,59,0,tWD5sVkB,0,233,13.5,2,0
504,S,80,37,38,2,,69,23,29105,54,3,ot2RClFj,1,775,23,2,1
505,S,14,33,38,1,,77,67,113804,27,0,Z7yHhWQS,0,608,30.5,2,1
506,S,35,57,39,1,B71,71,46,F.C. 12750,31,0,3fQE7TAu,1,672,52,1,0
507,C,0,57,14,1,,49,16,PC 17760,22,0,fmSUZSgH,0,374,135.6333,2,0
508,S,43,17,46,1,B51 B53 B55,58,83,695,33,0,E0F0T68A,0,873,5,1,0
509,S,54,62,63,3,E121,55,56,392096,6,1,Kq58nGOi,0,752,12.475,2,1
510,S,70,68,43,3,,48,17,347077,5,2,7mwnxm2S,4,234,31.3875,1,1
511,S,6,72,62,1,A36,53,62,112050,39,0,2h6Cyf4Z,0,807,0,1,0
512,S,31,23,34,3,,-16,54,342826,24.5,0,trg6Bgda,0,677,8.05,2,0
513,S,92,37,57,2,,62,84,29011,54,0,TXlugBPl,0,318,14,2,0
514,S,45,23,37,3,,28,51,S.O./P.P. 751,,0,4zQ2GVyA,0,649,7.55,1,0
515,S,58,29,63,3,,63,45,349222,,0,9RFrM4HW,0,411,7.8958,1,0
516,C,31,62,47,3,,71,101,2685,30,0,VZUecykC,0,799,7.2292,2,0
517,Q,33,70,22,3,,57,40,330931,,0,DHjQhMIG,0,359,7.8792,2,1
518,C,9,9,32,1,,66,25,PC 17755,35,0,iUv3Hn8l,0,259,512.3292,2,1
519,S,78,17,12,1,D9,75,8,13502,21,0,E0EcWvsN,0,628,77.9583,2,1
520,C,52,68,53,1,B50,6,24,13214,32,0,PBkqxFai,0,633,30.5,2,1
521,S,94,55,24,3,,46,63,345778,16,0,hhYMWlLE,0,283,9.5,2,0
522,S,77,49,75,3,,-22,46,C 7077,22,0,f2bjpTlR,0,377,7.25,1,1
523,S,54,66,66,3,,44,40,349227,,0,E38TEC9c,0,385,7.8958,1,0
524,S,93,45,53,1,C93,35,27,19943,38,0,XuRBLmBX,1,225,90,2,1
525,S,59,56,84,3,,0,52,CA. 2343,,2,xuiNsXry,8,847,69.55,1,0
526,S,11,60,38,2,,36,80,236853,25,0,7ZG4YbGZ,1,729,26,1,0
527,S,-5,64,80,2,,86,68,C.A. 34651,33,2,JIju246g,1,473,27.75,1,1
528,S,52,24,17,3,,62,47,386525,,0,2taeEZLd,1,348,16.1,2,1
529,C,7,74,45,1,C65,81,48,PC 17758,18,0,JMjOzv09,1,506,108.9,1,0
530,S,27,12,75,3,,60,72,376564,,0,Holi2vTx,1,640,16.1,1,0
531,S,33,63,60,3,,63,108,349217,,0,gVsw9Tiq,0,879,7.8958,2,0
532,S,2,56,74,3,,72,26,3101295,2,1,pBo0Sfd4,4,825,39.6875,2,0
533,C,110,53,53,3,,86,33,2625,0.42,1,QGk05QXK,0,804,8.5167,1,1
534,S,30,93,69,2,,-11,24,31028,26,0,B7fEslws,0,620,10.5,2,0
535,S,19,58,42,3,,32,78,SOTON/O2 3101272,41,0,Fl1utniJ,0,762,7.125,1,0
536,C,44,73,50,1,D33,52,8,PC 17572,48,0,ERk60Rrc,1,646,76.7292,2,1
537,S,58,47,14,2,,24,30,220845,48,2,6mOne3xz,1,755,65,1,1
538,C,19,84,47,1,A16,50,38,11755,48,0,YPB97VBO,1,557,39.6,2,1
539,S,68,75,98,3,,37,84,347082,4,2,F7j3D7wo,4,851,31.275,2,0
540,S,59,21,56,1,E44,49,99,13507,39,0,IcqR9bQ7,1,578,55.9,1,1
541,S,34,81,51,3,,43,36,3101278,33,0,cl5R0Zvm,3,86,15.85,2,1
542,S,48,65,86,2,,34,65,W./C. 14263,29,0,Mv6r88pZ,0,243,10.5,1,0
543,C,55,52,92,1,C68,90,63,17421,49,1,io5cw2u8,1,699,110.8833,1,0
544,S,41,24,73,3,,40,-1,CA. 2343,,2,RWUaDFuZ,8,160,69.55,2,0
545,C,26,85,35,3,,-22,48,2700,,0,Q28jHTsP,0,525,7.2292,1,0
546,S,100,48,42,1,,51,62,113789,42,0,ybA6dMLC,1,36,52,2,0
547,S,45,19,-4,1,B22,53,16,WE/P 5735,36,2,p0Eb87pr,0,541,71,2,1
548,S,14,73,48,1,B19,52,92,111240,61,0,2ZG5nDuX,0,171,33.5,2,0
549,Q,8,50,40,3,,44,35,365226,18,0,M2JTIBpz,0,655,6.75,1,0
550,S,1,36,23,3,,50,82,3101265,18,0,umqzYoQ3,0,787,7.4958,2,1
551,S,99,8,8,2,,106,43,250649,0.67,1,aGtuYCjt,1,756,14.5,1,1
552,S,60,36,49,3,,77,54,1601,32,0,XUb00i2J,0,839,56.4958,2,1
553,S,60,34,93,3,,15,85,374910,,0,US8KbH0R,0,96,8.05,1,0
554,S,71,31,46,3,,63,39,SOTON/OQ 392082,,0,ZGhDTve9,0,564,8.05,1,0
555,C,75,7,46,3,,53,28,2665,,0,2pzytwdP,1,241,14.4542,1,0
556,S,64,54,67,3,,32,19,A/4. 20589,16,0,ngNiWBTS,0,575,8.05,2,0
557,S,55,31,70,1,B20,53,15,17474,31,0,fzLXw1in,1,691,57,1,1
558,S,41,69,34,1,E12,62,37,19952,48,0,SzH6Krgz,0,461,26.55,1,1
559,C,69,1,82,3,,26,90,2620,22,0,vDWA8Lrx,0,554,7.225,1,1
560,C,-12,95,28,3,,8,38,2687,13,0,HRtJXLRj,0,781,7.2292,2,1
561,S,39,44,50,3,,70,-5,3101278,32,0,b7FJ8vFd,1,207,15.85,2,0
562,S,46,60,50,3,,34,44,3101277,28,0,owYoF5Hp,2,393,7.925,1,0
563,S,45,44,67,2,,70,71,28403,46,0,f4mvo7Kw,0,398,26,1,0
564,S,1,52,82,3,,35,50,350042,28,0,AhR2HuGW,0,757,7.7958,1,0
565,S,43,29,61,2,,63,21,243847,42,0,MG1yGmxB,1,218,27,2,0
566,S,97,24,67,3,,45,47,373450,35,0,PzIcK2cz,0,5,8.05,2,0
567,S,34,-14,42,3,,43,46,347088,2,2,6jSwZXlZ,3,643,27.9,1,0
568,S,52,8,98,3,,54,31,349244,31,0,XmoxoeNk,0,798,8.6833,1,1
569,Q,11,-10,42,3,,59,37,367230,,0,YO5qz4ng,1,613,15.5,2,1
570,S,98,12,22,3,,26,122,349201,,0,EiR2ibwO,0,739,7.8958,2,0
571,S,16,44,4,2,,25,78,2908,19,0,j2lCGoR8,1,547,26,2,1
572,S,17,98,71,3,,53,38,315094,20,0,Y8un0bHa,0,726,8.6625,1,0
573,S,59,49,55,3,,65,23,CA 2144,14,2,c4MsXFf9,5,684,46.9,1,0
574,S,83,46,23,2,,41,88,231919,34,1,WZOvtXn0,0,99,23,2,1
575,Q,63,80,44,3,,57,25,36866,,0,8DQ747nd,0,728,7.7375,1,1
576,Q,35,73,28,3,,78,9,14312,,0,w4B5o1vC,0,574,7.75,2,1
577,S,93,53,28,3,,120,18,347064,51,0,k6GBJv8E,0,407,7.75,2,0
578,Q,25,96,26,3,,22,65,330909,,0,RZLvwo26,0,503,7.6292,2,0
579,Q,91,72,57,3,,87,12,14311,,0,KF5FYcwC,0,48,7.75,1,1
580,Q,15,48,53,3,,51,83,335677,,0,TNNmSSbM,0,33,7.75,1,1
581,S,67,35,33,3,,20,29,345770,28,0,AVNODnee,0,201,9.5,2,0
582,S,20,49,60,2,,15,67,C.A. 29178,25,0,8jdVUQsd,0,135,13,1,0
583,S,10,44,16,1,C23 C25 C27,43,46,19950,19,2,E6fJrOry,3,28,263,2,0
584,C,32,83,50,3,,25,30,349213,35,0,BzyTPQ3i,0,848,7.8958,2,0
585,S,36,30,51,1,C83,54,76,36973,35,0,mJSxlS33,1,231,83.475,1,1
586,S,13,22,115,3,,40,26,C.A. 37671,9,1,uMHVIyGJ,1,490,15.9,2,1
587,C,37,62,30,3,,15,35,2648,20,0,1ZXb2B3Y,0,379,4.0125,1,0
588,S,29,67,49,2,,28,62,237798,42,0,yKmT1wmW,0,289,13,1,1
589,S,50,26,75,2,,36,31,28228,30,0,NZzAFZnv,0,419,13,2,0
590,S,41,13,21,2,,78,80,239856,,0,ZxyygRSE,0,675,0,2,0
591,S,64,48,69,3,,29,23,350034,21,0,w6HWpbRx,0,392,7.7958,1,1
592,S,46,51,42,3,,54,102,A/5 3902,47,0,acs0eqME,0,593,7.25,1,0
593,S,38,45,27,1,C22 C26,39,79,113781,25,2,9sPvO8PX,1,499,151.55,1,0
594,S,-8,67,53,3,,61,77,7534,16,0,7Geyz1yM,0,139,9.2167,1,0
595,S,55,62,42,1,C83,57,28,36973,45,0,pFewEXgn,1,63,83.475,1,0
596,S,32,86,59,3,,59,64,315089,38,0,d6OsCXJD,0,472,8.6625,2,0
597,C,5,46,76,1,A26,63,63,13213,56,0,zuaMTtxE,0,648,35.5,1,1
598,C,83,11,44,3,F E69,79,50,2668,,1,5ByJkxSH,1,129,22.3583,1,1
599,S,26,29,45,1,A24,63,43,PC 17590,31,0,bciYacU6,0,868,50.4958,2,0
600,S,61,68,18,1,B73,31,27,12749,30,0,2I4c3laf,0,521,93.5,1,1
601,C,12,7,32,1,,46,18,PC 17605,,0,WnpjuZbL,0,65,27.7208,1,0
602,S,38,34,54,3,,46,46,350406,14,0,2DIjT8DE,0,15,7.8542,2,0
603,Q,24,77,60,3,,73,37,35851,16,0,EDfMNb5O,0,157,7.7333,1,1
604,S,51,20,51,3,,56,66,7546,40,0,DYiY4yrf,1,41,9.475,1,0
605,S,35,62,65,1,C30,70,51,113787,55,0,DUH90U76,0,493,30.5,1,0
606,S,6,36,33,3,,25,64,347069,19,0,R8LUvmRR,0,380,7.775,2,0
607,S,45,7,34,1,,83,58,111428,45,0,5kXSy39w,0,188,26.55,1,1
608,S,44,74,73,1,B96 B98,44,28,113760,36,2,Dhtwapqo,1,764,120,2,1
609,S,50,31,51,3,,25,36,STON/O2. 3101283,27,0,t8szK7zm,0,217,7.925,1,1
610,C,25,22,35,1,D33,43,47,PC 17572,49,0,yG5udSgD,1,53,76.7292,2,1
611,C,34,94,37,1,E40,3,60,16966,41,0,puG5wylo,0,338,134.5,2,1
612,S,25,32,37,1,D30,23,19,113773,19,0,BrjNWX7Z,1,749,53.1,2,0
613,S,70,42,65,3,,28,39,347062,33,0,KEgbBrxG,0,720,7.775,2,0
614,S,81,36,49,1,E8,84,109,113806,27,0,4lJLF503,1,725,53.1,2,1
615,C,46,-9,57,1,,26,38,PC 17612,,0,47KRK4g2,0,296,27.7208,1,0
616,S,69,26,-17,1,E24,40,23,PC 17475,35,0,t7J74xG7,0,702,26.2875,1,1
617,S,79,62,38,3,G6,106,67,347054,29,1,UodXTrtB,1,252,10.4625,1,0
618,S,58,51,55,2,,67,52,31027,30,0,TRa5Emu5,3,727,21,1,1
619,S,97,85,54,3,,56,43,364506,34,0,aAsEoGgz,0,462,8.05,2,0
620,C,64,43,69,3,,51,54,349240,29,0,nQ5rWeJ6,0,456,7.8958,2,1
621,S,15,49,48,1,B42,32,31,112053,19,0,UIcSurS9,0,888,30,2,1
622,S,50,51,36,1,C99,89,115,PC 17760,35,0,cxEoiwT0,0,270,135.6333,2,1
623,S,26,63,79,3,,15,94,CA. 2343,,2,6MW8OgYx,8,202,69.55,1,0
624,S,103,69,51,2,,-10,76,C.A. 33595,40,0,TmMSJR8r,0,162,15.75,1,1
625,S,25,68,18,1,,83,40,113807,62,0,1cV6J9oq,0,556,26.55,1,0
626,S,76,59,32,3,,33,44,STON/O2. 3101271,25,0,bs09O27V,1,730,7.925,2,0
627,S,104,3,12,3,,53,60,341826,26,0,5OwSljDs,0,402,8.05,2,0
628,C,43,60,99,3,,50,29,2691,18,1,BiM4Adqx,0,703,14.4542,1,0
629,S,49,20,59,2,,50,14,31027,34,0,SMNpl6Iq,1,477,21,1,0
630,S,41,100,33,3,,24,45,350047,48,0,GvW0RMpt,0,772,7.8542,1,0
631,S,78,38,21,3,,50,45,349207,28,0,gh2hzc3Z,0,106,7.8958,1,0
632,S,18,89,59,3,,72,30,A/4 48871,24,0,YGg3rw0J,2,566,24.15,2,0
633,C,64,22,19,2,,64,31,SC 1748,17,0,ZqsnI9Zx,0,390,12,1,1
634,C,32,9,51,1,C85,43,32,PC 17599,38,0,ewl0Mhqn,1,2,71.2833,2,1
635,C,48,45,40,3,,69,40,2671,,0,4Zoo60ad,0,833,7.2292,2,0
636,S,52,44,93,3,,36,11,349251,40,0,7Noaf94o,0,562,7.8958,2,0
637,S,41,83,25,3,,-20,82,345767,22,0,5AAG2MHe,0,81,9,2,0
638,S,48,20,33,3,G6,41,31,347054,2,1,1QDneGyf,0,206,10.4625,1,0
639,C,37,29,-10,1,,12,22,PC 17604,28,0,S0IigBWV,1,35,82.1708,1,0
640,S,33,50,48,3,,95,16,347078,18,0,2v0Gz4h3,0,776,7.75,1,0
641,S,46,58,64,3,,36,25,C 4001,28,0,sHpCYbXD,0,509,22.525,2,0
642,S,54,36,59,2,,74,30,250655,19,0,ZqHsshiU,0,428,26,2,1
643,S,40,83,70,3,,25,63,A/5 2817,,0,d2eiC26b,0,455,8.05,2,0
644,C,35,53,25,1,D37,42,40,110813,60,0,PP8BrPld,1,367,75.25,2,1
645,S,22,61,22,3,,71,107,347466,20,0,YAxNiUEj,0,92,7.8542,1,0
646,S,48,51,38,1,T,55,41,113784,45,0,b8JOjmRo,0,340,35.5,2,0
647,S,32,46,61,3,,37,41,SOTON/O.Q. 392087,,0,BO68jXUr,0,565,8.05,2,0
648,S,44,64,101,2,F33,60,57,248733,24,0,ABzfGHqF,0,346,13,2,1
649,Q,27,84,95,3,F38,74,34,383121,,0,AGQ9Oasz,0,777,7.75,2,0
650,Q,8,43,37,3,,95,54,367230,,0,2SoAK8E0,1,242,15.5,1,1
651,S,88,93,51,3,,-4,53,347082,39,5,tul2CYYF,1,14,31.275,1,0
652,S,24,22,86,3,,82,14,347470,26,0,Vj7uQ16t,0,316,7.8542,1,1
653,S,55,27,22,2,,40,60,243847,24,1,cofihYMq,2,601,27,1,1
654,S,34,56,34,2,,65,26,27849,36,0,PXvlSNX5,0,388,13,2,1
655,C,45,94,51,1,C118,68,93,PC 17596,37,1,hjkSYkJr,0,274,29.7,2,0
656,S,53,37,46,1,E33,37,84,113505,,1,Ivb7zDJM,0,167,55,1,1
657,S,12,42,58,2,,80,21,C.A./SOTON 34068,28,0,aICDz8OR,0,884,10.5,1,0
658,S,76,51,45,3,,36,67,349231,19,0,EBiVlO92,0,647,7.8958,1,0
659,S,9,71,15,3,,78,20,C 7075,43,0,Q3nXBUEp,0,819,6.45,1,0
660,C,46,43,39,1,B49,-3,53,11967,25,0,Ismvk9T8,1,485,91.0792,1,1
661,S,50,78,18,3,,73,52,345765,47,0,zDuKkfIS,0,874,9,2,0
662,S,96,46,29,1,B79,21,52,110152,16,0,J5EbP6DQ,0,505,86.5,1,1
663,S,16,66,58,2,,16,44,29106,0.83,1,fvmNnZRZ,1,832,18.75,1,1
664,S,31,62,6,3,,90,133,STON/O 2. 3101275,22,0,8a9TpSy9,0,244,7.125,2,0
665,S,102,21,35,3,,21,76,349205,19,0,SBNQdQCi,0,567,7.8958,2,0
666,S,31,36,70,2,,80,17,218629,28,0,nFLWGUJN,0,563,13.5,2,0
667,S,46,27,18,3,,33,34,3101295,14,1,rfAWv7ru,4,687,39.6875,2,0
668,S,91,100,40,3,,38,67,349247,36,0,GeKrMTKk,0,190,7.8958,1,0
669,S,73,55,53,1,D6,49,25,113501,29,0,eRpRhCNq,0,783,30,1,0
670,S,43,14,48,3,F G63,94,28,348121,42,0,nR9dvl0W,0,700,7.65,2,0
671,S,46,73,61,1,A14,72,32,110465,,0,wTGcYJEX,0,476,52,2,0
672,C,122,47,55,1,D49,34,75,PC 17572,27,0,uUlV2pFZ,0,682,76.7292,1,1
673,Q,62,61,31,3,,56,26,382651,29,0,btRiahiH,0,511,7.75,2,1
674,S,53,-5,57,2,,22,73,C.A. 34651,5,2,y3OC5Ubr,1,59,27.75,2,1
675,S,80,26,62,3,,42,54,7553,22,0,2kgfWF0j,0,475,9.8375,1,0
676,Q,50,66,59,3,,43,64,372622,,0,UP5IJXhj,0,561,7.75,1,0
677,S,92,73,93,2,,58,36,250648,30,0,Luspc8lF,0,748,13,2,1
678,S,41,44,64,1,C87,20,45,113514,62,0,pu0bFYMO,0,253,26.55,2,0
679,S,33,55,20,2,D56,49,65,248698,34,0,4pHlDUdy,0,22,13,1,1
680,S,79,25,65,3,,85,26,349243,28,0,VQv8cvPy,0,314,7.8958,1,0
681,Q,31,82,51,3,,48,30,371060,,0,XZimQSzu,0,460,7.75,1,0
682,S,44,82,36,3,,18,103,371362,44,1,ROSAaYt9,0,161,16.1,1,0
683,S,27,25,30,3,,41,72,347073,45,0,d0SiOGwX,0,277,7.75,1,0
684,S,73,9,41,2,,54,118,28424,19,0,sv4Y8Qth,0,192,13,2,0
685,S,43,42,25,2,,31,57,S.O.C. 14879,18,0,urdwEbi2,0,386,73.5,2,0
686,S,66,30,89,3,,66,69,347063,31,0,zcN0PDrd,0,806,7.775,2,0
687,S,29,46,80,2,,118,60,239853,,0,5XMo8uAI,0,414,0,2,0
688,S,42,45,36,3,,59,56,SOTON/OQ 3101317,21,0,AatksJwz,0,492,7.25,2,0
689,S,62,18,66,2,,65,46,244361,25,0,HHMhc3j1,0,344,13,1,0
690,S,44,-12,58,3,,51,42,8471,32,0,nVshX86x,0,770,8.3625,2,0
691,C,34,64,64,2,,54,1,P/PP 3381,30,0,EYow3pP0,1,309,24,1,0
692,C,44,50,59,3,,33,84,2623,40,0,h93xZNx4,0,662,7.225,1,0
693,C,48,94,21,3,,101,26,349241,33,0,dsGLubCX,0,131,7.8958,2,0
694,S,79,55,11,3,,45,92,349210,36,0,JZFTIkns,0,664,7.4958,2,0
695,S,64,27,64,1,D35,38,-5,11751,47,1,eJSo6Q7O,1,872,52.5542,2,1
696,S,46,81,51,2,,83,50,244367,34,0,if3WrSv6,1,100,26,2,0
697,S,14,15,25,3,,62,66,323951,19,0,RCm0toOh,0,373,8.05,1,0
698,S,63,22,51,3,,64,30,SOTON/OQ 392086,,0,t4q9XmwW,0,88,8.05,2,0
699,S,10,35,39,2,,53,52,F.C.C. 13531,50,0,LaltsSQj,0,459,10.5,2,1
700,Q,33,50,5,3,,44,29,367226,,0,yT4veqfh,2,331,23.25,2,1
701,Q,62,48,64,3,,72,79,367229,,0,h0p75ejA,1,215,7.75,2,0
702,S,77,29,34,2,,8,45,239853,,0,datGh371,0,467,0,2,0
703,S,32,34,39,3,,44,8,A4. 54510,,0,zNgbWGRn,0,122,8.05,1,0
704,S,24,48,62,3,,66,45,364512,35,0,Q9n1s8FT,0,615,8.05,2,0
705,S,55,31,26,2,,59,43,239865,35,0,2S364B2h,0,21,26,2,0
706,C,12,58,36,1,C62 C64,55,18,PC 17757,18,0,lXrihCAe,1,701,227.525,2,1
707,S,46,45,39,3,,59,81,CA 2144,16,2,gNO5AzX3,5,72,46.9,2,0
708,S,1,64,45,3,,29,54,343120,21,0,0eLIYqmi,0,107,7.65,1,1
709,S,42,30,108,1,,42,52,113798,,0,C1M1MUqT,0,271,31,1,0
710,S,94,54,32,3,,37,48,350026,41,0,5BaLbpn3,2,861,14.1083,1,0
711,S,30,74,46,1,B96 B98,77,31,113760,14,2,qsYuePeL,1,436,120,1,1
712,S,23,44,8,1,D26,84,86,35281,21,1,7d4AYUMQ,0,103,77.2875,1,0
